0,CombatZoneResize,239,226,404,391,TLResume,,,
0,HeartTeleport,320,304,,,,,,
0,HeartMode,0,,,,,,,
0,TLPause
0.5,BoneV,238,216,92.5,0,150,1
0,BoneV,413,308.5,92.5,2,150,1
0.1,BoneVRepeat,238,216,92.5,0,150,4,15,2
0,BoneVRepeat,413,308.5,92.5,2,150,4,15,2
0.4,BoneV,238,216,92.5,0,150,1
0,BoneV,413,308.5,92.5,2,150,1
0.1,BoneVRepeat,238,216,92.5,0,150,4,15,2
0,BoneVRepeat,413,308.5,92.5,2,150,4,15,2
0.4,BoneV,238,216,92.5,0,150,1
0,BoneV,413,308.5,92.5,2,150,1
0.1,BoneVRepeat,238,216,92.5,0,150,4,15,2
0,BoneVRepeat,413,308.5,92.5,2,150,4,15,2
0.4,BoneV,238,216,92.5,0,150,1
0,BoneV,413,308.5,92.5,2,150,1
0.1,BoneVRepeat,238,216,92.5,0,150,4,15,2
0,BoneVRepeat,413,308.5,92.5,2,150,4,15,2
0.4,BoneV,238,216,92.5,0,150,1
0,BoneV,413,308.5,92.5,2,150,1
0.1,BoneVRepeat,238,216,92.5,0,150,4,15,2
0,BoneVRepeat,413,308.5,92.5,2,150,4,15,2
0.4,BoneV,238,216,92.5,0,150,1
0,BoneV,413,308.5,92.5,2,150,1
0.1,BoneVRepeat,238,216,92.5,0,150,4,15,2
0,BoneVRepeat,413,308.5,92.5,2,150,4,15,2
0.4,BoneV,238,216,92.5,0,150,1
0,BoneV,413,308.5,92.5,2,150,1
0.1,BoneVRepeat,238,216,92.5,0,150,4,15,2
0,BoneVRepeat,413,308.5,92.5,2,150,4,15,2
0.4,BoneV,238,216,92.5,0,150,1
0,BoneV,413,308.5,92.5,2,150,1

1,HeartMode,1
0,Sound,Ding,1
0.2,GasterBlaster,0,0,381,189,381,0,0.333,0.26666
0,GasterBlaster,0,640,381,463,381,180,0.333,0.26666
0.3,BoneV,220,345,100,0,220,0
0,BoneV,413,345,100,2,220,0

1,GasterBlaster,1,0,0,191,176,45,0.66666,0.26666
0,GasterBlaster,1,640,0,451,176,135,0.62222,0.26666

1,GasterBlaster,0,0,381,189,381,0,0.333,0.26666
0,GasterBlaster,0,640,381,463,381,180,0.333,0.26666

1.5,SansBody,DS_HandUp
0.1,SansSlam,3
0.1,RNDstab

1,SansBody,DS_HandUp
0.1,SansSlam,3
0.1,RNDstab
1,SansBody,DS_HandUp
0.1,SansSlam,3
0.1,RNDstab
1,SansBody,DS_HandUp
0.1,SansSlam,3
0.1,RNDstab
1,SansBody,DS_HandUp
0.1,SansSlam,3
0.1,RNDstab
1,SansBody,DS_HandUp
0.1,SansSlam,3
0.1,RNDstab
1,EndAttack
