0,CombatZoneResizeInstant,239,226,404,391,,,,
0,HeartTeleport,320,304,,,,,,
0,HeartMode,0,,,,,,,
,SansBody,FC_HandDown
0.26666,SansSlam,1,,,,,,,
0.5,BoneV2,240,406,300,3,320,0,2
0,BoneV2,265,406,300,3,320,0,2
0,BoneV2,290,406,300,3,320,0,2
0,BoneV2,315,406,300,3,320,0,2
0,BoneV2,340,406,300,3,320,0,2
0,BoneV2,365,406,300,3,320,0,2
0,BoneV2,390,406,300,3,320,0,2
0,BoneV,252.5,406,300,3,320,0,10
0,BoneV,277.5,406,300,3,320,0,10
0,BoneV,302.5,406,300,3,320,0,10
0,BoneV,327.5,406,300,3,320,0,10
0,BoneV,352.5,406,300,3,320,0,10
0,BoneV,377.5,406,300,3,320,0,10
0,BoneV,402.5,406,300,3,320,0,10
0.2,BoneStop,2,0,
0,BoneStop,10,0,
0,SansTorso,FC_Default
0.4,BoneCry,2,1,300
0.2,GasterBlaster,1,0,366,449,366,180,0.8,0.1
0.5,BoneColorChange,10,2
0,Sound,Ding,1
0.2,BoneCry,10,2,400,2
0,Sound,BoneStab,1
0.7,SansBody,FC_HandLeft,
0,SansSlam,2
0.3,BoneStab,2,28,0,0.2,,,,
0.1,SineBonesOld,10,-24,400,25,30,

1,SansBody,FC_HandRight,
0,SansSlam,0
0.3,BoneStab,2,58,0.3,0.2,,,,

0,BoneStab,0,58,0.3,0.2,,,,
0.4,HeartMode,0
0,Sound,Ding,1

0.1,GasterBlaster,1,0,0,189,246,0,2.4,0.26666
0,GasterBlaster,1,0,0,259,166,90,2.4,0.26666
0,GasterBlaster,1,640,480,449,366,180,2.4,0.26666
0,GasterBlaster,1,640,480,379,446,270,2.4,0.26666
0.5,RotateRND,300,200,0,6,360
0.5,GasterBlaster,1,0,240,139,306,0,2.2,0.26666
0,GasterBlaster,1,640,240,499,306,180,2.2,0.26666
0,GasterBlaster,1,0,240,324,106,90,2.2,0.26666
0,GasterBlaster,1,640,240,324,506,270,2.2,0.26666
0.5,RotateRND,150,200,0,4,360
0,RotateRND,450,200,4,360
2.4,GasterBlaster,2,640,240,499,306,180,1,0.5
0,GasterBlaster,2,0,240,139,306,0,1,0.5

0.5,GasterBlaster,2,499,306,324,106,90,0.5,0.26666
0,GasterBlaster,2,139,306,324,506,270,0.5,0.26666
0,IdleStart
3,Fendattack






